Workbook

Sheet Products
A1: 제품코드 | B1: 제품명 | C1: 카테고리 | D1: 판매가 | E1: 매입원가 | F1: 공급업체 | G1: 안전재고 | H1: 마진율
A2: P001 | B2: 노트북 Pro 15 | C2: 전자제품 | D2: 1850000 | E2: 1450000 | F2: TechCorp | G2: 50 | H2: =(D2-E2)/D2 -> 0.21621622
A3: P002 | B3: 무선 마우스 | C3: 전자제품 | D3: 45000 | E3: 25000 | F3: TechCorp | G3: 200 | H3: =(D3-E3)/D3 -> 0.44444444
A4: P003 | B4: 기계식 키보드 | C4: 전자제품 | D4: 189000 | E4: 120000 | F4: TechCorp | G4: 100 | H4: =(D4-E4)/D4 -> 0.36507937
A5: P004 | B5: 27인치 모니터 | C5: 전자제품 | D5: 450000 | E5: 320000 | F5: DisplayCo | G5: 80 | H5: =(D5-E5)/D5 -> 0.28888889
A6: P005 | B6: USB-C 허브 | C6: 주변기기 | D6: 89000 | E6: 52000 | F6: AccessoryK | G6: 150 | H6: =(D6-E6)/D6 -> 0.41573034
A7: P006 | B7: 노이즈캔슬링 헤드폰 | C7: 음향기기 | D7: 380000 | E7: 260000 | F7: SoundMax | G7: 120 | H7: =(D7-E7)/D7 -> 0.31578947
A8: P007 | B8: 웹캠 4K | C8: 주변기기 | D8: 159000 | E8: 95000 | F8: VisionTech | G8: 100 | H8: =(D8-E8)/D8 -> 0.40251572
A9: P008 | B9: 외장 SSD 1TB | C9: 저장장치 | D9: 179000 | E9: 115000 | F9: StoragePlus | G9: 130 | H9: =(D9-E9)/D9 -> 0.3575419
A10: P009 | B10: 스마트워치 | C10: 웨어러블 | D10: 329000 | E10: 220000 | F10: WearTech | G10: 90 | H10: =(D10-E10)/D10 -> 0.33130699
A11: P010 | B11: 블루투스 스피커 | C11: 음향기기 | D11: 129000 | E11: 78000 | F11: SoundMax | G11: 140 | H11: =(D11-E11)/D11 -> 0.39534884

Sheet Sales
A1: 주문번호 | B1: 주문일자 | C1: 제품코드 | D1: 제품명 | E1: 카테고리 | F1: 수량 | G1: 단가 | H1: 할인율 | I1: 판매금액 | J1: 고객명 | K1: 지역 | L1: 판매채널 | M1: 담당자
A2: S00015 | B2: 2026-02-11 | C2: P005 | D2: USB-C 허브 | E2: 주변기기 | F2: 10 | G2: 89000 | H2: 0.05 | I2: =F2*G2*(1-H2) -> 845500 | J2: 임수아 | K2: 경기 | L2: B2B 직거래 | M2: 김영업
A3: S00049 | B3: 2026-02-11 | C3: P009 | D3: 스마트워치 | E3: 웨어러블 | F3: 2 | G3: 329000 | H3: 0.1 | I3: =F3*G3*(1-H3) -> 592200 | J3: 송재민 | K3: 대구 | L3: B2B 직거래 | M3: 박팀장
A4: S00184 | B4: 2026-02-11 | C4: P006 | D4: 노이즈캔슬링 헤드폰 | E4: 음향기기 | F4: 1 | G4: 380000 | H4: 0 | I4: =F4*G4*(1-H4) -> 380000 | J4: 한지유 | K4: 경기 | L4: B2B 직거래 | M4: 황현석
A5: S00110 | B5: 2026-02-12 | C5: P003 | D5: 기계식 키보드 | E5: 전자제품 | F5: 1 | G5: 189000 | H5: 0.05 | I5: =F5*G5*(1-H5) -> 179550 | J5: 박지호 | K5: 경기 | L5: 마켓플레이스 | M5: 이매니저
A6: S00017 | B6: 2026-02-13 | C6: P006 | D6: 노이즈캔슬링 헤드폰 | E6: 음향기기 | F6: 3 | G6: 380000 | H6: 0.1 | I6: =F6*G6*(1-H6) -> 1026000 | J6: 정우진 | K6: 대구 | L6: 온라인몰 | M6: 김영업
A7: S00079 | B7: 2026-02-13 | C7: P005 | D7: USB-C 허브 | E7: 주변기기 | F7: 1 | G7: 89000 | H7: 0.05 | I7: =F7*G7*(1-H7) -> 84550 | J7: 정우진 | K7: 광주 | L7: 마켓플레이스 | M7: 이매니저
A8: S00170 | B8: 2026-02-13 | C8: P005 | D8: USB-C 허브 | E8: 주변기기 | F8: 1 | G8: 89000 | H8: 0 | I8: =F8*G8*(1-H8) -> 89000 | J8: 백서윤 | K8: 춘천 | L8: 오프라인 매장 | M8: 김영업
A9: S00095 | B9: 2026-02-14 | C9: P004 | D9: 27인치 모니터 | E9: 전자제품 | F9: 5 | G9: 450000 | H9: 0.1 | I9: =F9*G9*(1-H9) -> 2025000 | J9: 오태현 | K9: 서울 | L9: B2B 직거래 | M9: 황현석
A10: S00126 | B10: 2026-02-14 | C10: P009 | D10: 스마트워치 | E10: 웨어러블 | F10: 1 | G10: 329000 | H10: 0.05 | I10: =F10*G10*(1-H10) -> 312550 | J10: 한지유 | K10: 경기 | L10: 마켓플레이스 | M10: 이매니저
A11: S00147 | B11: 2026-02-14 | C11: P005 | D11: USB-C 허브 | E11: 주변기기 | F11: 2 | G11: 89000 | H11: 0 | I11: =F11*G11*(1-H11) -> 178000 | J11: 강하늘 | K11: 광주 | L11: 온라인몰 | M11: 김영업
A12: S00002 | B12: 2026-02-15 | C12: P002 | D12: 무선 마우스 | E12: 전자제품 | F12: 1 | G12: 45000 | H12: 0 | I12: =F12*G12*(1-H12) -> 45000 | J12: 김민준 | K12: 대구 | L12: 마켓플레이스 | M12: 김영업
A13: S00180 | B13: 2026-02-15 | C13: P008 | D13: 외장 SSD 1TB | E13: 저장장치 | F13: 2 | G13: 179000 | H13: 0 | I13: =F13*G13*(1-H13) -> 358000 | J13: 송재민 | K13: 춘천 | L13: 마켓플레이스 | M13: 황현석
... A201: S00098 | B201: 2026-05-10 | C201: P005 | D201: USB-C 허브 | E201: 주변기기 | F201: 2 | G201: 89000 | H201: 0 | I201: =F201*G201*(1-H201) -> 178000 | J201: 백서윤 | K201: 서울 | L201: 마켓플레이스 | M201: 황현석

Sheet Inbound
A1: 입고번호 | B1: 입고일자 | C1: 제품코드 | D1: 제품명 | E1: 공급업체 | F1: 입고수량 | G1: 매입단가 | H1: 입고금액 | I1: 창고 | J1: 검수자 | K1: 상태
A2: IN0044 | B2: 2026-02-13 | C2: P006 | D2: 노이즈캔슬링 헤드폰 | E2: SoundMax | F2: 50 | G2: 260000 | H2: =F2*G2 -> 13000000 | I2: 부산 지점창고 | J2: 황현석 | K2: 정상입고
A3: IN0039 | B3: 2026-02-16 | C3: P001 | D3: 노트북 Pro 15 | E3: TechCorp | F3: 20 | G3: 1450000 | H3: =F3*G3 -> 29000000 | I3: 춘천 본창고 | J3: 이검수 | K3: 정상입고
A4: IN0031 | B4: 2026-02-17 | C4: P001 | D4: 노트북 Pro 15 | E4: TechCorp | F4: 50 | G4: 1450000 | H4: =F4*G4 -> 72500000 | I4: 서울 물류센터 | J4: 이검수 | K4: 부분불량
A5: IN0047 | B5: 2026-02-17 | C5: P010 | D5: 블루투스 스피커 | E5: SoundMax | F5: 80 | G5: 78000 | H5: =F5*G5 -> 6240000 | I5: 춘천 본창고 | J5: 이검수 | K5: 정상입고
A6: IN0001 | B6: 2026-02-20 | C6: P008 | D6: 외장 SSD 1TB | E6: StoragePlus | F6: 30 | G6: 115000 | H6: =F6*G6 -> 3450000 | I6: 부산 지점창고 | J6: 김창고 | K6: 정상입고
A7: IN0060 | B7: 2026-02-21 | C7: P006 | D7: 노이즈캔슬링 헤드폰 | E7: SoundMax | F7: 80 | G7: 260000 | H7: =F7*G7 -> 20800000 | I7: 부산 지점창고 | J7: 김창고 | K7: 정상입고
A8: IN0007 | B8: 2026-02-22 | C8: P002 | D8: 무선 마우스 | E8: TechCorp | F8: 50 | G8: 25000 | H8: =F8*G8 -> 1250000 | I8: 서울 물류센터 | J8: 이검수 | K8: 정상입고
A9: IN0015 | B9: 2026-02-22 | C9: P009 | D9: 스마트워치 | E9: WearTech | F9: 150 | G9: 220000 | H9: =F9*G9 -> 33000000 | I9: 춘천 본창고 | J9: 이검수 | K9: 부분불량
A10: IN0010 | B10: 2026-02-27 | C10: P009 | D10: 스마트워치 | E10: WearTech | F10: 150 | G10: 220000 | H10: =F10*G10 -> 33000000 | I10: 부산 지점창고 | J10: 황현석 | K10: 정상입고
A11: IN0011 | B11: 2026-02-27 | C11: P007 | D11: 웹캠 4K | E11: VisionTech | F11: 100 | G11: 95000 | H11: =F11*G11 -> 9500000 | I11: 춘천 본창고 | J11: 황현석 | K11: 정상입고
A12: IN0037 | B12: 2026-02-27 | C12: P002 | D12: 무선 마우스 | E12: TechCorp | F12: 80 | G12: 25000 | H12: =F12*G12 -> 2000000 | I12: 서울 물류센터 | J12: 김창고 | K12: 정상입고
A13: IN0041 | B13: 2026-02-28 | C13: P006 | D13: 노이즈캔슬링 헤드폰 | E13: SoundMax | F13: 100 | G13: 260000 | H13: =F13*G13 -> 26000000 | I13: 서울 물류센터 | J13: 황현석 | K13: 정상입고
... A61: IN0049 | B61: 2026-05-11 | C61: P002 | D61: 무선 마우스 | E61: TechCorp | F61: 30 | G61: 25000 | H61: =F61*G61 -> 750000 | I61: 춘천 본창고 | J61: 김창고 | K61: 정상입고

Sheet Outbound
A1: 출고번호 | B1: 출고일자 | C1: 제품코드 | D1: 제품명 | E1: 출고수량 | F1: 출고유형 | G1: 관련주문 | H1: 배송지역 | I1: 창고 | J1: 담당자
A2: OUT0028 | B2: 2026-02-11 | C2: P009 | D2: 스마트워치 | E2: 2 | F2: 판매출고 | G2: S00049 | H2: 대구 | I2: 춘천 본창고 | J2: 박배송
A3: OUT0054 | B3: 2026-02-11 | C3: P006 | D3: 노이즈캔슬링 헤드폰 | E3: 1 | F3: 판매출고 | G3: S00184 | H3: 경기 | I3: 부산 지점창고 | J3: 박배송
A4: OUT0152 | B4: 2026-02-12 | C4: P003 | D4: 기계식 키보드 | E4: 1 | F4: 판매출고 | G4: S00110 | H4: 경기 | I4: 춘천 본창고 | J4: 김출고
A5: OUT0101 | B5: 2026-02-13 | C5: P005 | D5: USB-C 허브 | E5: 10 | F5: 판매출고 | G5: S00015 | H5: 경기 | I5: 부산 지점창고 | J5: 박배송
A6: OUT0143 | B6: 2026-02-13 | C6: P005 | D6: USB-C 허브 | E6: 1 | F6: 판매출고 | G6: S00079 | H6: 광주 | I6: 서울 물류센터 | J6: 박배송
A7: OUT0149 | B7: 2026-02-13 | C7: P006 | D7: 노이즈캔슬링 헤드폰 | E7: 3 | F7: 판매출고 | G7: S00017 | H7: 대구 | I7: 춘천 본창고 | J7: 김출고
A8: OUT0044 | B8: 2026-02-15 | C8: P005 | D8: USB-C 허브 | E8: 2 | F8: 판매출고 | G8: S00147 | H8: 광주 | I8: 서울 물류센터 | J8: 황현석
A9: OUT0092 | B9: 2026-02-15 | C9: P008 | D9: 외장 SSD 1TB | E9: 2 | F9: 판매출고 | G9: S00180 | H9: 춘천 | I9: 춘천 본창고 | J9: 황현석
A10: OUT0116 | B10: 2026-02-16 | C10: P004 | D10: 27인치 모니터 | E10: 5 | F10: 판매출고 | G10: S00095 | H10: 서울 | I10: 서울 물류센터 | J10: 박배송
A11: OUT0159 | B11: 2026-02-16 | C11: P002 | D11: 무선 마우스 | E11: 1 | F11: 판매출고 | G11: S00002 | H11: 대구 | I11: 춘천 본창고 | J11: 황현석
A12: OUT0015 | B12: 2026-02-17 | C12: P001 | D12: 노트북 Pro 15 | E12: 1 | F12: 판매출고 | G12: S00155 | H12: 대전 | I12: 부산 지점창고 | J12: 황현석
A13: OUT0021 | B13: 2026-02-17 | C13: P008 | D13: 외장 SSD 1TB | E13: 10 | F13: 판매출고 | G13: S00165 | H13: 부산 | I13: 춘천 본창고 | J13: 김출고
... A201: OUT0089 | B201: 2026-05-12 | C201: P005 | D201: USB-C 허브 | E201: 2 | F201: 판매출고 | G201: S00098 | H201: 서울 | I201: 춘천 본창고 | J201: 황현석

Sheet Inventory
A1: 제품코드 | B1: 제품명 | C1: 카테고리 | D1: 총입고 | E1: 총출고 | F1: 현재재고 | G1: 안전재고 | H1: 재고상태
A2: P001 | B2: 노트북 Pro 15 | C2: 전자제품 | D2: =SUMIF(Inbound!C:C,A2,Inbound!F:F) -> 150 | E2: =SUMIF(Outbound!C:C,A2,Outbound!E:E) -> 20 | F2: =D2-E2 -> 130 | G2: 50 | H2: =IF(F2<G2,"재주문필요",IF(F2<G2*1.5,"주의","정상")) -> 정상
A3: P002 | B3: 무선 마우스 | C3: 전자제품 | D3: =SUMIF(Inbound!C:C,A3,Inbound!F:F) -> 260 | E3: =SUMIF(Outbound!C:C,A3,Outbound!E:E) -> 30 | F3: =D3-E3 -> 230 | G3: 200 | H3: =IF(F3<G3,"재주문필요",IF(F3<G3*1.5,"주의","정상")) -> 주의
A4: P003 | B4: 기계식 키보드 | C4: 전자제품 | D4: =SUMIF(Inbound!C:C,A4,Inbound!F:F) -> 540 | E4: =SUMIF(Outbound!C:C,A4,Outbound!E:E) -> 56 | F4: =D4-E4 -> 484 | G4: 100 | H4: =IF(F4<G4,"재주문필요",IF(F4<G4*1.5,"주의","정상")) -> 정상
A5: P004 | B5: 27인치 모니터 | C5: 전자제품 | D5: =SUMIF(Inbound!C:C,A5,Inbound!F:F) -> 480 | E5: =SUMIF(Outbound!C:C,A5,Outbound!E:E) -> 48 | F5: =D5-E5 -> 432 | G5: 80 | H5: =IF(F5<G5,"재주문필요",IF(F5<G5*1.5,"주의","정상")) -> 정상
A6: P005 | B6: USB-C 허브 | C6: 주변기기 | D6: =SUMIF(Inbound!C:C,A6,Inbound!F:F) -> 1050 | E6: =SUMIF(Outbound!C:C,A6,Outbound!E:E) -> 58 | F6: =D6-E6 -> 992 | G6: 150 | H6: =IF(F6<G6,"재주문필요",IF(F6<G6*1.5,"주의","정상")) -> 정상
A7: P006 | B7: 노이즈캔슬링 헤드폰 | C7: 음향기기 | D7: =SUMIF(Inbound!C:C,A7,Inbound!F:F) -> 760 | E7: =SUMIF(Outbound!C:C,A7,Outbound!E:E) -> 52 | F7: =D7-E7 -> 708 | G7: 120 | H7: =IF(F7<G7,"재주문필요",IF(F7<G7*1.5,"주의","정상")) -> 정상
A8: P007 | B8: 웹캠 4K | C8: 주변기기 | D8: =SUMIF(Inbound!C:C,A8,Inbound!F:F) -> 560 | E8: =SUMIF(Outbound!C:C,A8,Outbound!E:E) -> 42 | F8: =D8-E8 -> 518 | G8: 100 | H8: =IF(F8<G8,"재주문필요",IF(F8<G8*1.5,"주의","정상")) -> 정상
A9: P008 | B9: 외장 SSD 1TB | C9: 저장장치 | D9: =SUMIF(Inbound!C:C,A9,Inbound!F:F) -> 660 | E9: =SUMIF(Outbound!C:C,A9,Outbound!E:E) -> 45 | F9: =D9-E9 -> 615 | G9: 130 | H9: =IF(F9<G9,"재주문필요",IF(F9<G9*1.5,"주의","정상")) -> 정상
A10: P009 | B10: 스마트워치 | C10: 웨어러블 | D10: =SUMIF(Inbound!C:C,A10,Inbound!F:F) -> 670 | E10: =SUMIF(Outbound!C:C,A10,Outbound!E:E) -> 32 | F10: =D10-E10 -> 638 | G10: 90 | H10: =IF(F10<G10,"재주문필요",IF(F10<G10*1.5,"주의","정상")) -> 정상
A11: P010 | B11: 블루투스 스피커 | C11: 음향기기 | D11: =SUMIF(Inbound!C:C,A11,Inbound!F:F) -> 300 | E11: =SUMIF(Outbound!C:C,A11,Outbound!E:E) -> 68 | F11: =D11-E11 -> 232 | G11: 140 | H11: =IF(F11<G11,"재주문필요",IF(F11<G11*1.5,"주의","정상")) -> 정상

Sheet Dashboard_Summary
A1: 📊 AppSheet Dashboard 핵심 KPI
A3: 지표 | B3: 값 | C3: 단위 | D3: 비고
A4: 총 판매 건수 | B4: =COUNTA(Sales!A2:A201) -> 200 | C4: 건 | D4: Sales 시트 기준
A5: 총 매출액 | B5: =SUM(Sales!I2:I201) -> 122661450 | C5: 원 | D5: 할인 반영 매출
A6: 총 판매수량 | B6: =SUM(Sales!F2:F201) -> 449 | C6: 개 | D6: 전체 출고 기준
A7: 평균 주문금액 | B7: =AVERAGE(Sales!I2:I201) -> 613307.25 | C7: 원 | D7: 주문건당 평균
A8: 총 입고건수 | B8: =COUNTA(Inbound!A2:A61) -> 60 | C8: 건 | D8: Inbound 시트 기준
A9: 총 입고금액 | B9: =SUM(Inbound!H2:H61) -> 994500000 | C9: 원 | D9: 매입원가 기준
A10: 총 출고건수 | B10: =COUNTA(Outbound!A2:A201) -> 200 | C10: 건 | D10: 전 유형 포함
A11: 재주문 필요 품목 | B11: =COUNTIF(Inventory!H2:H11,"재주문필요") -> 0 | C11: 개 | D11: 안전재고 미달
A12: 재고 주의 품목 | B12: =COUNTIF(Inventory!H2:H11,"주의") -> 1 | C12: 개 | D12: 안전재고*1.5 미만
A14: 🏷️ 카테고리별 매출
A15: 카테고리 | B15: 판매수량 | C15: 판매금액 | D15: 구성비
A16: 웨어러블 | B16: =SUMIF(Sales!E2:E201,A16,Sales!F2:F201) -> 30 | C16: =SUMIF(Sales!E2:E201,A16,Sales!I2:I201) -> 9475200 | D16: =C16/$B$5 -> 0.077246763
A17: 음향기기 | B17: =SUMIF(Sales!E2:E201,A17,Sales!F2:F201) -> 124 | C17: =SUMIF(Sales!E2:E201,A17,Sales!I2:I201) -> 28791050 | D17: =C17/$B$5 -> 0.23471963
A18: 저장장치 | B18: =SUMIF(Sales!E2:E201,A18,Sales!F2:F201) -> 38 | C18: =SUMIF(Sales!E2:E201,A18,Sales!I2:I201) -> 6739350 | D18: =C18/$B$5 -> 0.05494269
A19: 전자제품 | B19: =SUMIF(Sales!E2:E201,A19,Sales!F2:F201) -> 154 | C19: =SUMIF(Sales!E2:E201,A19,Sales!I2:I201) -> 66048050 | D19: =C19/$B$5 -> 0.53845809
A20: 주변기기 | B20: =SUMIF(Sales!E2:E201,A20,Sales!F2:F201) -> 103 | C20: =SUMIF(Sales!E2:E201,A20,Sales!I2:I201) -> 11607800 | D20: =C20/$B$5 -> 0.094632829

Sheet  KPI
A1: 지표 | B1: 수식 (Excel/AppSheet 기준) | C1: 단위 | D1: 비고(지표 설명)
A2: 총 판매 건수 | B2: =COUNTA(Sales!A2:A201) -> 200 | C2: 건 | D2: 전체 주문 수
A3: 총 매출액 | B3: =SUM(Sales!I2:I201) -> 122661450 | C3: 원 | D3: 할인 반영 최종 매출
A4: 총 판매 수량 | B4: =SUM(Sales!F2:F201) -> 449 | C4: 개 | D4: 판매된 총 상품 수량
A5: 평균 주문 금액 | B5: =AVERAGE(Sales!I2:I201) -> 613307.25 | C5: 원 | D5: 주문 1건당 평균 매출
A6: 총 입고 수량 | B6: =SUM(Inbound!F2:F61) -> 5430 | C6: 개 | D6: 전체 입고량
A7: 총 출고 수량 | B7: =SUM(Outbound!E2:E201) -> 451 | C7: 개 | D7: 전체 출고량
A8: 현재 총 재고 | B8: =SUM(Inventory!F2:F11) -> 4979 | C8: 개 | D8: 전체 현재 재고
A9: 안전재고 부족 품목 수 | B9: =COUNTIF(Inventory!H2:H11,"재주문필요") -> 0 | C9: 개 | D9: 안전재고 미만 품목
A10: 주의 재고 품목 수 | B10: =COUNTIF(Inventory!H2:H11,"주의") -> 1 | C10: 개 | D10: 재고 부족 위험 품목
A11: 정상 재고 품목 수 | B11: =COUNTIF(Inventory!H2:H11,"정상") -> 9 | C11: 개 | D11: 안정 재고 품목
A12: 재고 회전율 | B12: =SUM(Outbound!E2:E201)/AVERAGE(Inventory!F2:F11) -> 0.90580438 | C12: 회 | D12: 재고가 얼마나 빠르게 판매되는지
A13: 평균 마진율 | B13: =AVERAGE(Products!H2:H11) -> 0.35328622 | C13: % | D13: 전체 제품 평균 수익률
A14: 예상 총 이익 | B14: =SUMPRODUCT(Sales!F2:F201,(Sales!G2:G201-VLOOKUP(Sales!C2:C201,Products!A:E,5,FALSE))) -> 39096000 | C14: 원 | D14: 판매 기준 예상 이익
A15: 공급업체별 입고금액 | B15: =SUMIF(Inbound!E:E,"TechCorp",Inbound!H:H) -> 288800000 | C15: 원 | D15: 공급업체 거래 규모
A16: 불량 입고 건수 | B16: =COUNTIF(Inbound!K:K,"부분불량") -> 7 | C16: 건 | D16: 품질 이슈 모니터링
A17: 불량 입고 비율 | B17: =COUNTIF(Inbound!K:K,"부분불량")/COUNTA(Inbound!A:A) -> 0.1147541 | C17: % | D17: 전체 입고 대비 불량률
A18: 재주문 필요율 | B18: =COUNTIF(Inventory!H:H,"재주문필요")/COUNTA(Inventory!A:A) -> 0 | C18: % | D18: 전체 품목 중 부족 비율
